aearep,numbered_dir,readme_relpath,format,pages,words
aearep-1636,128201,README.pdf,pdf,3,535
aearep-4802,224941,moretti_comment/README.txt,txt,,1153
aearep-5642,202063,replication/README.txt,txt,,1892
aearep-6220,208762,README.pdf,pdf,11,2980
aearep-6381,209465,README.pdf,pdf,10,2329
aearep-6581,210787,README.md,md,,3247
aearep-6645,235424,README.pdf,pdf,3,789
aearep-6872,216461,Code for AEJApp-2024-0092/README.pdf,pdf,9,2182
aearep-7024,218921,gem_dataandanalysisrepo/README.pdf,pdf,8,2140
aearep-7169,221101,README.pdf,pdf,4,1126
aearep-7171,222221,replication/README.pdf,pdf,5,1784
aearep-7712,232045,README.pdf,pdf,9,2097
aearep-7860,235025,README_Saavedra(2026)_TechStateCapacity.pdf,pdf,7,1877
aearep-7926,236844,Replication package repository/Readme.pdf,pdf,46,7998
aearep-7942,236581,Files/Other/README_AER_2020_1088.pdf,pdf,7,2490
aearep-8010,237167,ReadMe.pdf,pdf,1,169
aearep-8036,237161,Judicial Independence in an Unstable Political Order/Readme.pdf,pdf,8,1121
aearep-8047,237204,Lottery Peers Replication/README.pdf,pdf,3,653
aearep-8100,237438,README.pdf,pdf,9,3016
aearep-8164,237844,README.pdf,pdf,12,2680
aearep-8168,237561,replication-elite-universities/README.md,md,,4403
aearep-8175,237785,_ReadMe.pdf,pdf,3,1325
aearep-8195,237661,README.pdf,pdf,7,1799
aearep-8217,237981,replication_package/README.pdf,pdf,17,5256
aearep-8224,227701,Public/README.pdf,pdf,15,2835
aearep-8257,237855,policeovertime_replication/readme.pdf,pdf,13,1693
aearep-8270,240748,README.pdf,pdf,1,54
aearep-8308,238543,Replication_package/README.pdf,pdf,21,3355
aearep-8321,238650,Readme.pdf,pdf,17,6247
aearep-8328,238702,Replication files/README.pdf,pdf,5,1250
aearep-8329,238659,project/README.pdf,pdf,19,5900
aearep-8366,238827,MFCJ_AER_REPLICATION/2026_MFCJ_ReadMe.pdf,pdf,13,3414
aearep-8411,239101,README.pdf,pdf,14,5730
aearep-8434,239702,Replication/README.pdf,pdf,6,1486
aearep-8470,237664,README.pdf,pdf,9,2437
aearep-8529,240344,README_new.pdf,pdf,9,1216
aearep-8531,240482,README_AEJ_FULL.pdf,pdf,5,901
aearep-8534,239121,replication_package/Empirics/Figure 2/Read Me.txt,txt,,59
aearep-8541,240508,README.pdf,pdf,27,8555
aearep-8543,238981,README.pdf,pdf,42,10382
aearep-8552,240342,README.pdf,pdf,43,10921
aearep-8590,239796,BonusReplication/README.pdf,pdf,10,3010
aearep-8600,241531,project/trade_persist/README.pdf,pdf,9,2597
aearep-8604,240509,replication_package/readme.pdf,pdf,12,3048
aearep-8630,241263,README.pdf,pdf,20,4330
aearep-8644,241344,README.pdf,pdf,22,4821
aearep-8650,246746,DataCodeScars/README.pdf,pdf,19,4828
aearep-8654,241348,README.pdf,pdf,5,1011
aearep-8671,241499,replication/README.pdf,pdf,8,1855
aearep-8673,241324,ReadMe.pdf,pdf,4,1280
aearep-8673,241324-sivacor,project/ReadME.pdf,pdf,5,1661
aearep-8678,241510,Final-Package-AER/README.pdf,pdf,6,2025
aearep-8679,241205,README.pdf,pdf,7,1831
aearep-8681,241363,README.pdf,pdf,5,1410
aearep-8683,240871,data_and_code/readme.txt,txt,,503
aearep-8686,243950,ReplicationCodes/readme.txt,txt,,954
aearep-8699,241988,spd_replication/README.pdf,pdf,3,472
aearep-8702,241294,Shifting _Work_Patterns_with_Generative_AI/README.pdf,pdf,8,1688
aearep-8710,244237,ReplicationPackage/README.pdf,pdf,5,867
aearep-8717,241223,risk-sharing-replication-v1.4/README.md,md,,5946
aearep-8718,242381,project/README.pdf,pdf,8,1890
aearep-8720,242546,README.pdf,pdf,11,2187
aearep-8731,243980,README.pdf,pdf,2,448
aearep-8732,241067,Replication package/README.txt,txt,,1488
aearep-8735,244186,README.pdf,pdf,16,6262
aearep-8737,244245,rum-unobs-main/README.pdf,pdf,3,489
aearep-8754,242161,AEA repository/readme.txt,txt,,535
aearep-8829,241165,README_CCT_INEQ.pdf,pdf,9,1644
aearep-8830,242543,simulation_code/README.pdf,pdf,2,367
aearep-8831,242635,AERI_replication/READ_ME.pdf,pdf,5,1103
aearep-8832,242904,_replication package/README .pdf,pdf,4,1494
aearep-8838,244668,readme.pdf,pdf,5,878
aearep-8846,244879,project/Replication_IPCSR_upload/TheMissingPoor_ReadMe.pdf,pdf,11,2358
aearep-8865,243595,README-INMAP.pdf,pdf,2,343
aearep-8867,244666,scrape-box-office-mojo/README.pdf,pdf,2,466
aearep-8869,244281,ReadMe_vGR.pdf,pdf,10,3597
aearep-8869,244281-rev1,ReadMe_vGR.pdf,pdf,10,3503
aearep-8884,244238,README.pdf,pdf,10,4743
aearep-8888,244921,Readme.txt,txt,,342
aearep-8896,244480,ggp_replication/README.pdf,pdf,5,1208
aearep-8899,244243,README.pdf,pdf,5,667
aearep-8915,242482,code-data/Readme.pdf,pdf,7,1556
aearep-8927,245963,project/README.pdf,pdf,3,626
aearep-8931,241304,README.pdf,pdf,10,2149
aearep-8944,246093,RRReplication/ReadMe.pdf,pdf,6,1910
aearep-8958,245263,README.pdf,pdf,7,1464
aearep-8984,246665,project/ReadMe_AEJ.pdf,pdf,6,1485
aearep-8991,244965,README.pdf,pdf,11,2193
aearep-8993,246076,README.pdf,pdf,11,2796
aearep-9001,242648,Replication Package/README_Sanger.pdf,pdf,14,3783
aearep-9031,247718,AEJPol-2024-0611-replication-files/README.pdf,pdf,16,2933
aearep-9036,246929,README.pdf,pdf,11,2362
aearep-9053,246993,macos-README.pdf,pdf,3,743
aearep-9054,246324,README.txt,txt,,1434
aearep-9057,246750,replication_package/READ ME.pdf,pdf,5,1115
aearep-9058,246945,replication/replication_README.pdf,pdf,3,626
aearep-9065,247010,JEP replication package/README.txt,txt,,912
aearep-9070,246721,README_Firoozi_AEJPol-2025-0473.pdf,pdf,11,2569
aearep-9082,246719,README.pdf,pdf,3,571
aearep-9091,247042,READ_ME.pdf,pdf,17,4418
aearep-9102,246949,README.md,md,,1078
aearep-9125,246581,README.pdf,pdf,10,2203
aearep-9134,244551,ReplicationFiles/README.pdf,pdf,8,2368
aearep-9147,247183,README.pdf,pdf,9,1453
aearep-9179,247291,README.pdf,pdf,1,158
aearep-9210,248452,AEJ_Replication_Package/README.pdf,pdf,6,1292
aearep-9263,247441,README.pdf,pdf,1,209
aearep-9278,246188,ReadMe.pdf,pdf,8,2206
aearep-9288,247343,README.pdf,pdf,6,1488
aearep-9354,247596,README.pdf,pdf,3,668
aearep-9378,247776,project/replication archive/README.pdf,pdf,1,257
aearep-9379,248023,Replication_package/README.md,md,,3580
aearep-9430,248179,README.pdf,pdf,10,1684
aearep-9519,248187,README.md,md,,3457
aearep-9671,249900,gn_jep_replication_package/README.md,md,,2473
aearep-9686,248021,ReadMe.pdf,pdf,10,2441
aearep-9752,249982,Replication_Package/README.pdf,pdf,4,679
aearep-9778,250176,readme.txt,txt,,37
aearep-9854,251118,Replication Package AGM26 - Public/README.pdf,pdf,8,2941
aearep-10033,251582,README.pdf,pdf,17,3874
aearep-10042,251522,Latvia/aea_package_lv/README.md,md,,2185
